filename,result
IMG0000019.jpg,B
IMG0000025.jpg,A
IMG0000044.jpg,B
IMG0000057.jpg,B
IMG0000058.jpg,B
IMG0000059.jpg,B
IMG0000092.jpg,B
IMG0000100.jpg,B
IMG0000142.jpg,B
IMG0000143.jpg,B
IMG0000144.jpg,B
IMG0000151.jpg,B
IMG0000155.jpg,B
IMG0000156.jpg,B
IMG0000188.jpg,B
IMG0000189.jpg,B
IMG0000190.jpg,B
IMG0000206.jpg,B
IMG0000207.jpg,B
IMG0000261.jpg,B
IMG0000284.jpg,B
IMG0000307.jpg,B
IMG0000319.jpg,B
IMG0000351.jpg,A
IMG0000352.jpg,B
IMG0000443.jpg,B
IMG0000453.jpg,B
IMG0000454.jpg,B
IMG0000455.jpg,B
IMG0000456.jpg,B
IMG0000466.jpg,B
IMG0000467.jpg,B
IMG0000468.jpg,B
IMG0000470.jpg,B
IMG0000471.jpg,B
IMG0000472.jpg,B
IMG0000479.jpg,B
IMG0000480.jpg,B
IMG0000599.jpg,
IMG0000600.jpg,B
IMG0000671.jpg,B
IMG0000692.jpg,B
IMG0000702.jpg,B
IMG0000750.jpg,B
IMG0000751.jpg,B
IMG0000758.jpg,B
IMG0000762.jpg,B
IMG0000763.jpg,B
IMG0000776.jpg,B
IMG0000777.jpg,B
IMG0000801.jpg,B
IMG0000804.jpg,A
IMG0000805.jpg,B
IMG0000822.jpg,B
IMG0000844.jpg,A
IMG0000845.jpg,B
IMG0000851.jpg,A
IMG0000852.jpg,B
IMG0001007.jpg,B
IMG0001008.jpg,B
IMG0001025.jpg,B
IMG0001026.jpg,B
IMG0001041.jpg,A
IMG0001073.jpg,B
IMG0001123.jpg,B
IMG0001147.jpg,B
IMG0001148.jpg,B
IMG0001151.jpg,B
IMG0001152.jpg,B
IMG0001191.jpg,B
IMG0001192.jpg,B
IMG0001198.jpg,B
IMG0001199.jpg,B
IMG0001200.jpg,B
IMG0001236.jpg,B
IMG0001350.jpg,B
IMG0001351.jpg,B
IMG0001360.jpg,B
IMG0001361.jpg,B
IMG0001362.jpg,B
IMG0001363.jpg,B
IMG0001364.jpg,B
IMG0001365.jpg,B
IMG0001366.jpg,B
IMG0001367.jpg,B
IMG0001380.jpg,B
IMG0001381.jpg,B
IMG0001382.jpg,B
IMG0001391.jpg,B
IMG0001392.jpg,B
IMG0001410.jpg,B
IMG0001411.jpg,B
IMG0001428.jpg,B
IMG0001440.jpg,B
IMG0001441.jpg,B
IMG0001494.jpg,B
IMG0001495.jpg,B
IMG0001546.jpg,B
IMG0001570.jpg,B
IMG0001571.jpg,B
IMG0001572.jpg,B
IMG0001577.jpg,B
IMG0001578.jpg,B
IMG0001639.jpg,B
IMG0001640.jpg,B
IMG0001710.jpg,B
IMG0001730.jpg,B
IMG0001731.jpg,B
IMG0001738.jpg,B
IMG0001739.jpg,B
IMG0001760.jpg,B
IMG0001762.jpg,A
IMG0001763.jpg,B
IMG0001774.jpg,B
IMG0001780.jpg,B
IMG0001781.jpg,B
IMG0001805.jpg,B
IMG0001867.jpg,B
IMG0001868.jpg,B
IMG0001869.jpg,B
IMG0001870.jpg,B
IMG0001916.jpg,B
IMG0001933.jpg,B
IMG0001934.jpg,B
IMG0001938.jpg,B
IMG0001939.jpg,B
IMG0001948.jpg,B
IMG0001964.jpg,B
IMG0001965.jpg,B
IMG0001970.jpg,B
IMG0001971.jpg,B
IMG0001980.jpg,B
IMG0001981.jpg,B
IMG0002020.jpg,B
IMG0002021.jpg,B
IMG0002036.jpg,B
IMG0002037.jpg,B
IMG0002085.jpg,B
IMG0002086.jpg,B
IMG0002105.jpg,A
IMG0002106.jpg,B
IMG0002122.jpg,B
IMG0002123.jpg,B
IMG0002126.jpg,A
IMG0002127.jpg,B
IMG0002148.jpg,B
IMG0002180.jpg,B
IMG0002181.jpg,B
IMG0002208.jpg,B
IMG0002225.jpg,B
IMG0002265.jpg,B
IMG0002272.jpg,B
IMG0002274.jpg,B
IMG0002287.jpg,B
IMG0002298.jpg,B
IMG0002299.jpg,B
IMG0002300.jpg,B
IMG0002301.jpg,B
IMG0002302.jpg,B
IMG0002303.jpg,B
IMG0002304.jpg,B
IMG0002305.jpg,B
IMG0002306.jpg,B
IMG0002307.jpg,B
IMG0002308.jpg,A
IMG0002309.jpg,B
IMG0002310.jpg,A
IMG0002311.jpg,B
IMG0002312.jpg,B
IMG0002313.jpg,B
IMG0002314.jpg,B
IMG0002315.jpg,B
IMG0002316.jpg,B
IMG0002317.jpg,B
IMG0002318.jpg,B
IMG0002319.jpg,B
IMG0002320.jpg,B
IMG0002321.jpg,B
IMG0002322.jpg,B
IMG0002323.jpg,B
IMG0002324.jpg,B
IMG0002325.jpg,B
IMG0002326.jpg,B
IMG0002327.jpg,B
IMG0002328.jpg,B
IMG0002329.jpg,B
IMG0002330.jpg,B
IMG0002331.jpg,B
IMG0002332.jpg,B
IMG0002333.jpg,B
IMG0002334.jpg,B
IMG0002335.jpg,B
IMG0002336.jpg,B
IMG0002337.jpg,B
IMG0002338.jpg,B
IMG0002339.jpg,B
IMG0002340.jpg,B
IMG0002341.jpg,B
IMG0002342.jpg,B
IMG0002343.jpg,B
IMG0002344.jpg,B
IMG0002345.jpg,B
IMG0002346.jpg,B
IMG0002347.jpg,B
IMG0002348.jpg,B
IMG0002349.jpg,B
IMG0002350.jpg,B
IMG0002351.jpg,B
IMG0002352.jpg,B
IMG0002353.jpg,B
IMG0002354.jpg,B
IMG0002355.jpg,A
IMG0002356.jpg,B
IMG0002357.jpg,B
IMG0002358.jpg,B
IMG0002359.jpg,B
IMG0002360.jpg,B
IMG0002361.jpg,B
IMG0002362.jpg,B
IMG0002363.jpg,B
IMG0002364.jpg,B
IMG0002365.jpg,B
IMG0002366.jpg,B
IMG0002367.jpg,B
IMG0002368.jpg,B
IMG0002369.jpg,B
IMG0002370.jpg,B
IMG0002371.jpg,B
IMG0002372.jpg,B
IMG0002373.jpg,B
IMG0002374.jpg,B
IMG0002375.jpg,B
IMG0002376.jpg,B
IMG0002377.jpg,B
IMG0002378.jpg,B
IMG0002379.jpg,B
IMG0002380.jpg,B
IMG0002381.jpg,B
IMG0002382.jpg,B
IMG0002383.jpg,B
IMG0002384.jpg,B
IMG0002385.jpg,B
IMG0002386.jpg,B
IMG0002387.jpg,B
IMG0002388.jpg,B
IMG0002389.jpg,B
IMG0002390.jpg,B
IMG0002391.jpg,B
IMG0002392.jpg,B
IMG0002393.jpg,B
IMG0002394.jpg,B
IMG0002395.jpg,B
IMG0002396.jpg,B
IMG0002397.jpg,B
IMG0002398.jpg,B
IMG0002399.jpg,B
IMG0002400.jpg,B
IMG0002401.jpg,B
IMG0002402.jpg,B
IMG0002403.jpg,B
IMG0002404.jpg,B
IMG0002405.jpg,B
IMG0002406.jpg,B
IMG0002407.jpg,B
IMG0002408.jpg,B
IMG0002409.jpg,B
IMG0002410.jpg,B
IMG0002411.jpg,B
IMG0002412.jpg,B
IMG0002413.jpg,B
IMG0002414.jpg,B
IMG0002415.jpg,B
IMG0002416.jpg,B
IMG0002417.jpg,B
IMG0002418.jpg,B
IMG0002419.jpg,B
IMG0002420.jpg,B
IMG0002421.jpg,B
IMG0002422.jpg,B
IMG0002423.jpg,B
IMG0002424.jpg,B
IMG0002425.jpg,B
IMG0002426.jpg,B
IMG0002427.jpg,B
IMG0002428.jpg,A
IMG0002429.jpg,B
IMG0002430.jpg,B
IMG0002431.jpg,B
IMG0002432.jpg,B
IMG0002433.jpg,B
IMG0002434.jpg,B
IMG0002435.jpg,B
IMG0002436.jpg,B
IMG0002437.jpg,B
IMG0002438.jpg,B
IMG0002439.jpg,B
IMG0002440.jpg,B
IMG0002441.jpg,B
IMG0002442.jpg,B
IMG0002443.jpg,B
IMG0002444.jpg,B
IMG0002445.jpg,B
IMG0002446.jpg,B
IMG0002447.jpg,B
IMG0002448.jpg,B
IMG0002449.jpg,B
IMG0002450.jpg,B
IMG0002451.jpg,B
IMG0002452.jpg,B
IMG0002453.jpg,B
IMG0002454.jpg,B
IMG0002455.jpg,B
IMG0002456.jpg,B
IMG0002457.jpg,B
IMG0002458.jpg,B
IMG0002459.jpg,B
IMG0002460.jpg,B
IMG0002461.jpg,B
IMG0002462.jpg,B
IMG0002463.jpg,B
IMG0002464.jpg,B
IMG0002465.jpg,B
IMG0002466.jpg,B
IMG0002467.jpg,B
IMG0002468.jpg,B
IMG0002469.jpg,B
IMG0002470.jpg,B
IMG0002471.jpg,B
IMG0002472.jpg,B
IMG0002473.jpg,B
IMG0002474.jpg,B
IMG0002475.jpg,B
IMG0002476.jpg,B
IMG0002477.jpg,B
IMG0002478.jpg,B
IMG0002479.jpg,B
IMG0002480.jpg,B
IMG0002481.jpg,B
IMG0002482.jpg,B
IMG0002483.jpg,B
IMG0002484.jpg,B
IMG0002485.jpg,B
IMG0002486.jpg,A
IMG0002487.jpg,B
IMG0002488.jpg,B
IMG0002489.jpg,A
IMG0002490.jpg,B
IMG0002491.jpg,B
IMG0002492.jpg,B
IMG0002493.jpg,B
IMG0002494.jpg,A
IMG0002495.jpg,A
IMG0002496.jpg,B
IMG0002497.jpg,B
IMG0002498.jpg,B
IMG0002499.jpg,B
IMG0002500.jpg,B
IMG0002501.jpg,B
IMG0002502.jpg,A
IMG0002503.jpg,B
IMG0002504.jpg,B
IMG0002505.jpg,B
IMG0002506.jpg,B
IMG0002507.jpg,B
IMG0002508.jpg,B
IMG0002509.jpg,B
IMG0002510.jpg,B
IMG0002511.jpg,B
IMG0002512.jpg,B
IMG0002513.jpg,B
IMG0002514.jpg,B
IMG0002515.jpg,B
IMG0002516.jpg,B
IMG0002517.jpg,B
IMG0002518.jpg,B
IMG0002519.jpg,B
IMG0002520.jpg,B
IMG0002521.jpg,B
IMG0002522.jpg,B
IMG0002523.jpg,B
IMG0002524.jpg,A
IMG0002525.jpg,B
IMG0002526.jpg,B
IMG0002527.jpg,B
IMG0002528.jpg,B
IMG0002529.jpg,B
IMG0002530.jpg,B
IMG0002531.jpg,B
IMG0002532.jpg,B
IMG0002533.jpg,B
IMG0002534.jpg,B
IMG0002535.jpg,B
IMG0002536.jpg,B
IMG0002537.jpg,B
IMG0002538.jpg,B
IMG0002539.jpg,A
IMG0002540.jpg,B
IMG0002541.jpg,B
IMG0002542.jpg,B
IMG0002543.jpg,B
IMG0002544.jpg,B
IMG0002545.jpg,B
IMG0002546.jpg,B
IMG0002547.jpg,B
IMG0002548.jpg,B
IMG0002549.jpg,B
IMG0002550.jpg,B
IMG0002551.jpg,A
IMG0002552.jpg,B
IMG0002553.jpg,B
IMG0002556.jpg,B
IMG0002557.jpg,B
IMG0002558.jpg,B
IMG0002559.jpg,B
IMG0002560.jpg,B
IMG0002561.jpg,B
IMG0002562.jpg,B
IMG0002563.jpg,B
IMG0002564.jpg,B
IMG0002565.jpg,B
IMG0002566.jpg,B
IMG0002567.jpg,B
IMG0002568.jpg,B
IMG0002569.jpg,B
IMG0002570.jpg,B
IMG0002571.jpg,B
IMG0002572.jpg,B
IMG0002573.jpg,B
IMG0002574.jpg,B
IMG0002575.jpg,B
IMG0002576.jpg,B
IMG0002577.jpg,B
IMG0002578.jpg,B
IMG0002579.jpg,B
IMG0002580.jpg,B
IMG0002581.jpg,B
IMG0002582.jpg,B
IMG0002583.jpg,B
IMG0002584.jpg,B
IMG0002585.jpg,B
IMG0002586.jpg,B
IMG0002587.jpg,B
IMG0002588.jpg,B
IMG0002589.jpg,B
IMG0002590.jpg,B
IMG0002591.jpg,B
IMG0002592.jpg,B
IMG0002593.jpg,B
IMG0002594.jpg,B
IMG0002595.jpg,B
IMG0002596.jpg,B
IMG0002597.jpg,B
IMG0002598.jpg,B
IMG0002599.jpg,B
IMG0002600.jpg,A
IMG0002601.jpg,B
IMG0002602.jpg,B
IMG0002603.jpg,B
IMG0002604.jpg,B
IMG0002605.jpg,B
IMG0002606.jpg,B
IMG0002607.jpg,B
IMG0002608.jpg,B
IMG0002609.jpg,B
IMG0002610.jpg,B
IMG0002611.jpg,B
IMG0002612.jpg,B
IMG0002613.jpg,B
IMG0002614.jpg,B
IMG0002615.jpg,B
IMG0002617.jpg,B
IMG0002619.jpg,B
IMG0002620.jpg,B
IMG0002621.jpg,B
IMG0002622.jpg,B
IMG0002627.jpg,B
IMG0002628.jpg,B
IMG0002646.jpg,B
IMG0002647.jpg,B
IMG0002650.jpg,B
IMG0002651.jpg,A
IMG0002652.jpg,A
IMG0002653.jpg,B
IMG0002664.jpg,B
IMG0002668.jpg,A
IMG0002701.jpg,B
IMG0002704.jpg,B
IMG0002705.jpg,B
IMG0002731.jpg,B
IMG0002732.jpg,B
IMG0002737.jpg,B
IMG0002738.jpg,B
IMG0002745.jpg,B
IMG0002746.jpg,B
IMG0002749.jpg,B
IMG0002750.jpg,B
IMG0002768.jpg,B
IMG0002790.jpg,B
IMG0002791.jpg,B
IMG0002809.jpg,A
